{
    "en":
    {
        "language": "en",
        "my_name": "Parsa Firoozi",
        "my_skills":
        [
            "Full-Stack Developer",
            "Graphic Designer"
        ],
        "currency": "$",
        "typing_effect":
        [
            "I build desktop and android applications.",
            "I build web interfaces.",
            "I am JavaScripts, TypeScript, PHP, C++ developer.",
            "I am React.js, React Native and Next.js developer.",
            "I am Node.js, Deno.js and NestJS developer."
        ],
        "download_cv": "Download CV",
        "order_now": "Order Now",
        "source_code": "Source Code",
        "source": "Source",
        "created_at": "Created At",
        "send_message": "Send Message",
        "explore_more": "Explore More",
        "read_more": "Read More",
        "blog_not_found": "This blog could not be found",
        "phone": "Phone Number",
        "author": "Author",
        "id": "ID",
        "category": "Category",
        "my_phone": "+98 917070566",
        "whatsapp": "WhatsApp",
        "telegram": "Telegram",
        "email": "Email",
        "gmail": "Gmail",
        "chmail": "Chmail",
        "my_email": "hello@parsa-firoozi.ir",
        "my_gmail": "parsa.firoozi20@gmail.com",
        "my_chmail": "parsafiroozi20@chmail.ir",
        "name": "Name",
        "message": "Message",
        "residence": "Residence",
        "city": "City",
        "age": "Age",
        "my_residence": "Iran",
        "my_city": "Shiraz",
        "my_age": "18",
        "english": "English",
        "persian": "Persian",
        "german": "German",
        "home": "Home",
        "contact": "Contact",
        "portfolio": "Portfolio",
        "blogs": "Blogs",
        "funny": "Funny Facts",
        "error":
        {
            "title": "Error in request",
            "description": "The requested page could not be found"
        },
        "titles":
        [
            "What do i make Or am i?",
            "My Services",
            "Price Plans",
            "Contact Information",
            "Get in Touch",
            "My Funny Facts",
            "My Blogs",
            "My Portfolio",
            "Recommendations"
        ],
        "headers":
        [
            "Happy Customers",
            "Completed Projects",
            "Years Experience",
            "Honors and Awards"
        ],
        "categories":
        [
            "All Categories",
            "Web Development",
            "App Development",
            "Robot Development",
            "Graphic Design"
        ],
        "recommendations":
            [
                {
                    "id": 0,
                    "author":
                    {
                        "name": "string",
                        "profile": "https://intelligentquantum.github.io/Images/IntelligentQuantum.jpg",
                        "description": "string"
                    },
                    "message": "string",
                    "rate": 80
                },
                {
                    "id": 1,
                    "author":
                    {
                        "name": "string",
                        "profile": "https://intelligentquantum.github.io/Images/IntelligentQuantum.jpg",
                        "description": "string"
                    },
                    "message": "string",
                    "rate": 80
                },
                {
                    "id": 2,
                    "author":
                    {
                        "name": "string",
                        "profile": "https://intelligentquantum.github.io/Images/IntelligentQuantum.jpg",
                        "description": "string"
                    },
                    "message": "string",
                    "rate": 80
                },
                {
                    "id": 3,
                    "author":
                    {
                        "name": "string",
                        "profile": "https://intelligentquantum.github.io/Images/IntelligentQuantum.jpg",
                        "description": "string"
                    },
                    "message": "string",
                    "rate": 80
                },
                {
                    "id": 4,
                    "author":
                    {
                        "name": "string",
                        "profile": "https://intelligentquantum.github.io/Images/IntelligentQuantum.jpg",
                        "description": "string"
                    },
                    "message": "string",
                    "rate": 80
                }
            ],
        "my_blogs":
        [
            {
                "id": 0,
                "name": "geometry_similarity_triangle_1",
                "description": "Proving the theorem of similarity of triangles 1",
                "created_at": "1639673079877",
                "category": "educational",
                "source": "All the contents of authentic geometry books",
                "image": "/static/images/blogs/background_math.webp",
                "content": "<p><img alt=\"\" src=\"https://raw.githubusercontent.com/im-parsa/cdn/main/images/geometry_similarity_triangle/gst.png\" style=\"height:434px; width:395px\"></p>\n\n<p>&nbsp;</p>\n\n<h2>قضیه یک تشابه مثلث ها :</h2>\n\n<p>&nbsp;</p>\n\n<hr>\n<p>&nbsp;</p>\n\n<p>هرگاه دو زاویه از دو مثلث با هم برابر باشند، آن دو مثلث با هم متشابه\u200Cاند.</p>\n\n<p>&nbsp;</p>\n\n<h3>اثبات : چون دو زاویه این دو مثلث برابرند پس زاویه سوم نیز برابر است.</h3>\n\n<p>&nbsp;</p>\n\n<p><img alt=\"\" src=\"https://raw.githubusercontent.com/im-parsa/cdn/main/images/geometry_similarity_triangle/gst_1-1.png\" style=\"height:215px; width:296px\"></p>\n\n<p><img alt=\"\" src=\"https://raw.githubusercontent.com/im-parsa/cdn/main/images/geometry_similarity_triangle/gst_1-2.png\"></p>\n\n<p>&nbsp;</p>\n\n<p>برای اثبات این قضیه با اندازه ‘A’B روی AB جدا می کنیم و آن را “AB می\u200Cنامیم. به اندازه ی ‘A’C روی AC جدا کرده و آن را نیز “AC نامگذازی می\u200Cکنیم. “B را به “C وصل می\u200Cکنیم. دو مثلث ‘A’B’C و “A”B”C بایکدیگر <strong>هم\u200Cنهشت</strong> هستند، زیرا :</p>\n\n<p>&nbsp;</p>\n\n<p><img alt=\"\" src=\"https://raw.githubusercontent.com/im-parsa/cdn/main/images/geometry_similarity_triangle/gst_1-3.png\" style=\"height:215px; width:296px\"></p>\n\n<p>&nbsp;</p>\n\n<p>از طرفی :</p>\n\n<p>&nbsp;</p>\n\n<p><img alt=\"\" src=\"https://raw.githubusercontent.com/im-parsa/cdn/main/images/geometry_similarity_triangle/gst_1-4.png\" style=\"height:115px; width:227px\"></p>\n\n<p><img alt=\"\" src=\"https://raw.githubusercontent.com/im-parsa/cdn/main/images/geometry_similarity_triangle/gst_1-5.png\"></p>\n\n<p>&nbsp;</p>\n\n<p>پس نتیجه می\u200Cگیریم طبق <strong>قضیه توازی</strong> BC با “B”C موازی است. در نتیجه طبق قضیه اساسی، دو مثلث ABC و ‘A’B’C متشابه هستند. از طرفی چون دو مثلث “AB”C و ‘AB’C با یکدیگر برابرند، پس طبق اصل <strong>تشابه مثلث ها</strong>&nbsp;دو مثلث ABC و ‘A’B’C نیز متشابه هستند.</p>\n"
            },
            {
                "id": 1,
                "name": "geometry_similarity_triangle_2",
                "description": "Proving the theorem of similarity of triangles 2",
                "created_at": "1639673079877",
                "category": "educational",
                "source": "All the contents of authentic geometry books",
                "image": "/static/images/blogs/background_math.webp",
                "content": "<p><img alt=\"\" src=\"https://raw.githubusercontent.com/im-parsa/cdn/main/images/geometry_similarity_triangle/gst.png\" style=\"height:434px; width:395px\"></p>\n\n<p>&nbsp;</p>\n\n<p><img alt=\"\" src=\"https://raw.githubusercontent.com/im-parsa/cdn/main/images/geometry_similarity_triangle/gst_2.png\" style=\"height:178px; width:225px\"></p>\n\n<p>&nbsp;</p>\n\n<h2>قضیه دو تشابه مثلث ها :</h2>\n\n<p>&nbsp;</p>\n\n<hr>\n<p>&nbsp;</p>\n\n<p>هرگاه دو ضلع از دو مثلث با هم متناسب و زاویه بین دو ضلع از دو مثلث برابر باشند، آنگاه دو مثلث متشابه\u200Cاند.</p>\n\n<p>&nbsp;</p>\n\n<h3>اثبات : برای اثبات این قضیه روی ضلع AB به اندازه ‘A’B جدا می\u200Cکنیم تا “AB به وجود آید. روی AC نیز به اندازه ‘A’C جدا می\u200Cکنیم تا “AC به وجود آید. همچنین از “B به “C وصل می\u200Cکنیم. دو مثلث “A”B”C و ‘A’B’C با هم برابرند.</h3>\n\n<p>&nbsp;</p>\n\n<h3>زیرا :</h3>\n\n<p><img alt=\"\" src=\"https://raw.githubusercontent.com/im-parsa/cdn/main/images/geometry_similarity_triangle/gst_2-1.png\" style=\"height:264px; width:300px\"></p>\n\n<p>همچنین در فرض داشتیم :</p>\n\n<p>&nbsp;</p>\n\n<p><img alt=\"\" src=\"https://raw.githubusercontent.com/im-parsa/cdn/main/images/geometry_similarity_triangle/gst_2-2.png\"></p>\n\n<h3>در این تناسب به جای ‘A’B و ‘A’C دو ضلع “AB و “AC را جایگذاری می\u200Cکنیم و خواهیم داشت :</h3>\n\n<p>&nbsp;</p>\n\n<p><img alt=\"\" src=\"https://raw.githubusercontent.com/im-parsa/cdn/main/images/geometry_similarity_triangle/gst_2-3.png\" style=\"height:161px; width:294px\"></p>\n\n<p>&nbsp;</p>\n\n<p>از طرفی میدانیم که :</p>\n\n<p>&nbsp;</p>\n\n<p><img alt=\"\" src=\"https://raw.githubusercontent.com/im-parsa/cdn/main/images/geometry_similarity_triangle/gst_2-4.png\"></p>\n"
            },
            {
                "id": 2,
                "name": "geometry_similarity_triangle_3",
                "description": "Proving the theorem of similarity of triangles 3",
                "created_at": "1639673079877",
                "category": "educational",
                "source": "All the contents of authentic geometry books",
                "image": "/static/images/blogs/background_math.webp",
                "content": "<p><img alt=\"\" src=\"https://raw.githubusercontent.com/im-parsa/cdn/main/images/geometry_similarity_triangle/gst.png\" style=\"height:434px; width:395px\"></p>\n\n<p>&nbsp;</p>\n\n<p><img alt=\"\" src=\"https://raw.githubusercontent.com/im-parsa/cdn/main/images/geometry_similarity_triangle/gst_3-1.png\" style=\"height:178px; width:225px\"></p>\n\n<p>&nbsp;</p>\n\n<h2>قضیه سه تشابه مثلث ها :</h2>\n\n<p>&nbsp;</p>\n\n<hr>\n<p>&nbsp;</p>\n\n<p>اگر سه ضلع از مثلثی با سه ضلع از مثلث دیگر متناسب باشند آن دو مثلث متشابه هستند.</p>\n\n<p>&nbsp;</p>\n\n<h3>اثبات : روی ضلع AB به اندازه ‘A’B جدا می\u200Cکنیم. پس ‘AB” = A’B و آن را “B می\u200Cنامیم . سپس “B”C را موازی BC را رسم می\u200Cکنیم .</h3>\n\n<h3>&nbsp;</h3>\n\n<h3>در نتیجه خواهیم داشت :</h3>\n\n<p>&nbsp;</p>\n\n<p><img alt=\"\" src=\"https://raw.githubusercontent.com/im-parsa/cdn/main/images/geometry_similarity_triangle/gst_3-2.png\"></p>\n\n<p>&nbsp;</p>\n\n<p><img alt=\"\" src=\"https://raw.githubusercontent.com/im-parsa/cdn/main/images/geometry_similarity_triangle/gst_3-3.png\"></p>\n\n<p>&nbsp;</p>\n\n<p>پس دو مثلث “A”B”C و ‘A’B’C با هم به حالت <strong>سه ضلع</strong> برابرند.</p>\n\n<p>&nbsp;</p>\n\n<p><img alt=\"\" src=\"https://raw.githubusercontent.com/im-parsa/cdn/main/images/geometry_similarity_triangle/gst_3-4.png\"></p>\n\n<p>&nbsp;</p>\n\n<p>از طرفی چون BC با “B”C موازی است پس طبق <a href=\"https://www.dummies.com/education/math/geometry/definitions-and-theorems-of-parallel-lines/\" target=\"_blank\">قضیه توازی</a> داریم :</p>\n\n<p>&nbsp;</p>\n\n<p><img alt=\"\" src=\"https://raw.githubusercontent.com/im-parsa/cdn/main/images/geometry_similarity_triangle/gst_3-5.png\"></p>\n\n<p>&nbsp;</p>\n\n<p><img alt=\"\" src=\"https://raw.githubusercontent.com/im-parsa/cdn/main/images/geometry_similarity_triangle/gst_3-6.png\" style=\"height:188px; width:238px\"></p>\n"
            }
        ],
        "funny_facts":
        [
            {
                "id": 0,
                "title": "Football",
                "type": "football",
                "description": "I have been watching & playing football since I can remember and my favorite player is the best player in football history, Lionel Messi who has most Ballon d'Or in football and most G+A, in other side I really like Antoine Griezmann football & life style he is definitely one of the smartest players in history. Also, Ferran Torres, a new football talent who is one of the best playmakers in the world right now.\nMy favorite teams are Argentina, France and Spain - Barçelona, Juventus and Arsenal."
            },
            {
                "id": 1,
                "title": "Space",
                "type": "space",
                "description": "I love learning about space and the universe, and everything connected to it, like quantum physics, which proves a variety of dizzying theories, such as parallel universes, Continuity, singularity, time travel, black holes, and white holes."
            },
            {
                "id": 2,
                "title": "Call Of Duty",
                "type": "cod",
                "description": "I loved playing, and it is only 'TIME' that has separated me between my love. I enjoy the series of games that the Call Of Duty brings out and Warzone was one of the best, that was wonderfully designed and it was really fun to play."
            },
            {
                "id": 3,
                "title": "Music",
                "type": "music",
                "description": "I love listening to music, I always listen to music when I do work and it makes me feel great. I really enjoy Shadmehr Aghili's songs and voice, and it doubles my energy and makes me feel good."
            },
            {
                "id": 4,
                "title": "Guitar",
                "type": "guitar",
                "description": "I have been playing the guitar since I was 9 years old and I love this instrument and its music. I look for the acoustic version of every song I want to listen. I have 2 concert that in Honar Aftab sallon from Navaafrin  academy."
            },
            {
                "id": 5,
                "title": "Discord",
                "type": "discord",
                "description": "I came to Discord around 2017. I really like to be best in everything I am there and in Discord I develop the first, best, open-source, persian economy discord-bot, soo it is very enjoyable for me that I am some of the best persian Discord developer."
            },
            {
                "id": 6,
                "title": "Instagram",
                "type": "instagram",
                "description": "I am graphic designer, too & I have to many poster of football players in my account. I came to Instagram around 2014 and I always wanted to work in social media, and the same thing happened on Instagram and I started producing content in this community."
            },
            {
                "id": 7,
                "title": "Rarible",
                "type": "rarible",
                "description": "I make a lot of my artwork as NFT and sell some of them. I have some activities in the NFT and metaverse world. I use Rarible for  NFT marketplace and Decentraland for the web3 platform. I also use ethereum for blockchain because of its ease of use, better community and more security than other blockchains."
            }
        ],
        "plans":
        [
            {
                "id": 0,
                "title": "Front-End Development",
                "price": "99",
                "a": "High-quality Code",
                "b": "React.js, Next.js and HTML",
                "c": "Dedicated Support"
            },
            {
                "id": 1,
                "title": "Back-End Development",
                "price": "129",
                "a": "High-quality code",
                "b": "Node.js, NestJS, Deno.js",
                "c": "Dedicated Support"
            },
            {
                "id": 2,
                "title": "Cross-Platform Development",
                "price": "159",
                "a": "Well-organized code",
                "b": "Supports all operating systems",
                "c": "Dedicated Support"
            }
        ],
        "services":
        [
            {
                "id": 0,
                "title": "Front-End Development",
                "description": "Quick and professional website front-end development with React.js, Next.js, HTML."
            },
            {
                "id": 1,
                "title": "Back-End Development",
                "description": "Quick and professional website back-end development with Express.js, NestJS and Next.js."
            },
            {
                "id": 2,
                "title": "Cross-Platform Development",
                "description": "Quick and professional Desktop, Android and iOS applications development built with Electron and React Native."
            }
        ],
        "my_portfolio":
        [
            {
                "id": 0,
                "title": "Paraffin",
                "tag": "web_development",
                "description": "Paraffin website for teaching and learning with great content in various categories (programming, graphic design, games, technology, tricks)",
                "link": "https://paraffin-tutorials.ir",
                "image": "/static/images/portfolio/paraffin-web.png"
            },
            {
                "id": 1,
                "title": "Discords City",
                "tag": "web_development",
                "description": "Grow your Discord Business in Discords City You can add your Bot or Server to grow your business and read our blogs to be updated from all discord updates and tricks",
                "link": "https://discords.city",
                "image": "/static/images/portfolio/discords-city-web.png"
            },
            {
                "id": 2,
                "title": "MrCheat",
                "tag": "web_development",
                "description": "Website for making, developing and selling all kinds of cheats and cheats in various games such as Counter, Zula, CS Go and most other shooter games",
                "link": "https://mrcheat.cc/",
                "image": "/static/images/portfolio/mrcheat-web.jpg"
            },
            {
                "id": 3,
                "title": "Nava",
                "tag": "web_development",
                "description": "Website of the first and best Persian language music and video player with quality and support for all formats along with Discord RPC",
                "link": "https://nava-org.herokuapp.com",
                "image": "/static/images/portfolio/nava-web.png"
            },
            {
                "id": 4,
                "title": "random-pic.js",
                "tag": "web_development",
                "description": "Website and module for receiving random images in different categories and the ability to size and set limits and restrictions",
                "link": "https://random-picjs.herokuapp.com",
                "image": "/static/images/portfolio/random-pic_js-web.png"
            },
            {
                "id": 5,
                "title": "Headinfo",
                "tag": "web_development",
                "description": "Website for everyday tasks and easy-to-do activities that you deal with a lot during the day (Under Developing)",
                "link": "https://headinfo.ir",
                "image": "/static/images/portfolio/headinfo-web.png"
            },
            {
                "id": 6,
                "title": "Dubist",
                "tag": "graphic_design",
                "description": "English, Persian, German language learning website with features such as flash card and ranking (Under Developing)",
                "link": "/",
                "image": "/static/images/portfolio/dubist-web.png"
            },
            {
                "id": 7,
                "title": "PDA",
                "tag": "web_development",
                "description": "The first open-source persian Discord API with high and unique quality and speed",
                "link": "https://github.com/im-parsa/persian-discord-api",
                "image": "/static/images/portfolio/pda-web.png"
            },
            {
                "id": 8,
                "title": "LiveSoccer",
                "tag": "web_development",
                "description": "Website to see the table of the best and biggest football leagues along with the goal difference scores and the games played",
                "link": "https://livesoccer.herokuapp.com/",
                "image": "/static/images/portfolio/livesoccer-web.png"
            },
            {
                "id": 9,
                "title": "Elite",
                "tag": "web_development",
                "description": "Website of Elite Discord Robot Programming Team with 2 officially verified Discord bots",
                "link": "https://github.com/im-parsa/elite-website",
                "image": "/static/images/portfolio/elite-web.png"
            },
            {
                "id": 10,
                "title": "Personal Website",
                "tag": "web_development",
                "description": "Open-source personal website",
                "link": "https://github.com/im-parsa/my-personal-website",
                "image": "/static/images/portfolio/parsa-web.png"
            },
            {
                "id": 11,
                "title": "Personal Website",
                "tag": "web_development",
                "description": "Personal website for Mr. Shadmehr",
                "link": "https://shadmehr.info",
                "image": "/static/images/portfolio/shadmehr-web.png"
            },
            {
                "id": 12,
                "title": "Wintube",
                "tag": "app_development",
                "description": "Desktop application for Linux/Windows/Mac for displaying YouTube videos and movies without filtering and high speed and download capability",
                "link": "https://wintube.herokuapp.com",
                "image": "/static/images/portfolio/wintube-app.png"
            },
            {
                "id": 13,
                "title": "Nava Video Player",
                "tag": "app_development",
                "description": "Video player with the support of all files, the ability of RCC, dedicated discord, etc ...",
                "link": "https://nava-org.herokuapp.com",
                "image": "/static/images/portfolio/nava_video_player-app.png"
            },
            {
                "id": 14,
                "title": "Nava Music Player",
                "tag": "app_development",
                "description": "Music player with the support of all files, the ability of RPC, dedicated discord, etc ...",
                "link": "https://nava-org.herokuapp.com",
                "image": "/static/images/portfolio/nava_music_player-app.png"
            },
            {
                "id": 15,
                "title": "Setar",
                "tag": "robot_development",
                "description": "First & Best persian music player bot in discord community",
                "link": "https://github.com/SeTar-Bot",
                "image": "/static/images/portfolio/setar-bot.png"
            },
            {
                "id": 16,
                "title": "Elite",
                "tag": "robot_development",
                "description": "Best persian security bot in discord community",
                "link": "https://top.gg/bot/730584726401843221",
                "image": "/static/images/portfolio/elite-bot.png"
            }
        ]
    },
    "de":
    {
        "language": "de",
        "my_name": "Parsa Firoozi",
        "my_skills":
        [
            "Full-Stack-Entwickler",
            "Grafikdesigner"
        ],
        "currency": "€",
        "send_message": "Nachricht Senden",
        "source_code": "Quell Code",
        "order_now": "Jetzt Bestellen",
        "source": "Quell",
        "created_at": "Hergestellt in",
        "message": "Nachricht",
        "explore_more": "JETZT ENTDECKEN",
        "download_cv": "Lebenslauf HERUNTERLADEN",
        "read_more": "Weiterlesen",
        "blog_not_found": "Der Blog konnte nicht gefunden werden",
        "phone": "Telefon Nummer",
        "author": "Autor",
        "id": "ID",
        "category": "Kategorie",
        "my_phone": "+98 917070566",
        "whatsapp": "WhatsApp",
        "telegram": "Telegram",
        "email": "Email",
        "gmail": "Gmail",
        "chmail": "Chmail",
        "my_email": "hello@parsa-firoozi.ir",
        "my_gmail": "parsa.firoozi20@gmail.com",
        "my_chmail": "parsafiroozi20@chmail.ir",
        "name": "Name",
        "my_residence": "Iran",
        "my_city": "Shiraz",
        "my_age": "18",
        "typing_effect":
        [
            "Ich erstelle Desktop- und Android-Anwendungen.",
            "Ich baue Webinterfaces.",
            "Ich bin JavaScript, TypeScript, PHP  und C++ Entwickler.",
            "Ich bin React.js, React Native und Next.js Entwickler.",
            "Ich bin Node.js, Deno.js und NestJS Entwickler."
        ],
        "residence": "Residenz",
        "city": "Stadt",
        "age": "Alter",
        "english": "Englisch",
        "persian": "Persisch",
        "german": "Deutsch",
        "home": "Heimat",
        "contact": "Kontakt",
        "portfolio": "Portfolio",
        "blogs": "Blogs",
        "funny": "Lustige Zeit",
        "error":
        {
            "title": "Fehler bei der Anfrage",
            "description": "Die angeforderte Seite konnte nicht gefunden werden"
        },
        "titles":
        [
            "Was mache ich oder bin ich?",
            "Meine Dienstleistungen",
            "Preispläne",
            "Kontakt Informationen",
            "In Kontakt Kommen",
            "Meine lustigen Fakten",
            "Meine Blogs",
            "Meine Portfolio",
            "Empfehlungen"
        ],
        "recommendations":
        [
            {
                "id": 0,
                "author":
                {
                    "name": "string",
                    "profile": "https://intelligentquantum.github.io/Images/IntelligentQuantum.jpg",
                    "description": "string"
                },
                "message": "string",
                "rate": 80
            }
        ],
        "my_blogs":
        [
            {
                "id": 0,
                "name": "geometry_similarity_triangle_1",
                "description": "Beweis des Ähnlichkeitssatzes von Dreiecken 1",
                "created_at": "1639673079877",
                "category": "lehrreich",
                "source": "Alle Inhalte authentischer Geometriebücher",
                "image": "/static/images/blogs/background_math.webp",
                "content": "<p><img alt=\"\" src=\"https://raw.githubusercontent.com/im-parsa/cdn/main/images/geometry_similarity_triangle/gst.png\" style=\"height:434px; width:395px\"></p>\n\n<p>&nbsp;</p>\n\n<h2>قضیه یک تشابه مثلث ها :</h2>\n\n<p>&nbsp;</p>\n\n<hr>\n<p>&nbsp;</p>\n\n<p>هرگاه دو زاویه از دو مثلث با هم برابر باشند، آن دو مثلث با هم متشابه\u200Cاند.</p>\n\n<p>&nbsp;</p>\n\n<h3>اثبات : چون دو زاویه این دو مثلث برابرند پس زاویه سوم نیز برابر است.</h3>\n\n<p>&nbsp;</p>\n\n<p><img alt=\"\" src=\"https://raw.githubusercontent.com/im-parsa/cdn/main/images/geometry_similarity_triangle/gst_1-1.png\" style=\"height:215px; width:296px\"></p>\n\n<p><img alt=\"\" src=\"https://raw.githubusercontent.com/im-parsa/cdn/main/images/geometry_similarity_triangle/gst_1-2.png\"></p>\n\n<p>&nbsp;</p>\n\n<p>برای اثبات این قضیه با اندازه ‘A’B روی AB جدا می کنیم و آن را “AB می\u200Cنامیم. به اندازه ی ‘A’C روی AC جدا کرده و آن را نیز “AC نامگذازی می\u200Cکنیم. “B را به “C وصل می\u200Cکنیم. دو مثلث ‘A’B’C و “A”B”C بایکدیگر <strong>هم\u200Cنهشت</strong> هستند، زیرا :</p>\n\n<p>&nbsp;</p>\n\n<p><img alt=\"\" src=\"https://raw.githubusercontent.com/im-parsa/cdn/main/images/geometry_similarity_triangle/gst_1-3.png\" style=\"height:215px; width:296px\"></p>\n\n<p>&nbsp;</p>\n\n<p>از طرفی :</p>\n\n<p>&nbsp;</p>\n\n<p><img alt=\"\" src=\"https://raw.githubusercontent.com/im-parsa/cdn/main/images/geometry_similarity_triangle/gst_1-4.png\" style=\"height:115px; width:227px\"></p>\n\n<p><img alt=\"\" src=\"https://raw.githubusercontent.com/im-parsa/cdn/main/images/geometry_similarity_triangle/gst_1-5.png\"></p>\n\n<p>&nbsp;</p>\n\n<p>پس نتیجه می\u200Cگیریم طبق <strong>قضیه توازی</strong> BC با “B”C موازی است. در نتیجه طبق قضیه اساسی، دو مثلث ABC و ‘A’B’C متشابه هستند. از طرفی چون دو مثلث “AB”C و ‘AB’C با یکدیگر برابرند، پس طبق اصل <strong>تشابه مثلث ها</strong>&nbsp;دو مثلث ABC و ‘A’B’C نیز متشابه هستند.</p>\n"
            },
            {
                "id": 1,
                "name": "geometry_similarity_triangle_2",
                "description": "Beweis des Ähnlichkeitssatzes von Dreiecken 2",
                "created_at": "1639673079877",
                "category": "lehrreich",
                "source": "Alle Inhalte authentischer Geometriebücher",
                "image": "/static/images/blogs/background_math.webp",
                "content": "<p><img alt=\"\" src=\"https://raw.githubusercontent.com/im-parsa/cdn/main/images/geometry_similarity_triangle/gst.png\" style=\"height:434px; width:395px\"></p>\n\n<p>&nbsp;</p>\n\n<p><img alt=\"\" src=\"https://raw.githubusercontent.com/im-parsa/cdn/main/images/geometry_similarity_triangle/gst_2.png\" style=\"height:178px; width:225px\"></p>\n\n<p>&nbsp;</p>\n\n<h2>قضیه دو تشابه مثلث ها :</h2>\n\n<p>&nbsp;</p>\n\n<hr>\n<p>&nbsp;</p>\n\n<p>هرگاه دو ضلع از دو مثلث با هم متناسب و زاویه بین دو ضلع از دو مثلث برابر باشند، آنگاه دو مثلث متشابه\u200Cاند.</p>\n\n<p>&nbsp;</p>\n\n<h3>اثبات : برای اثبات این قضیه روی ضلع AB به اندازه ‘A’B جدا می\u200Cکنیم تا “AB به وجود آید. روی AC نیز به اندازه ‘A’C جدا می\u200Cکنیم تا “AC به وجود آید. همچنین از “B به “C وصل می\u200Cکنیم. دو مثلث “A”B”C و ‘A’B’C با هم برابرند.</h3>\n\n<p>&nbsp;</p>\n\n<h3>زیرا :</h3>\n\n<p><img alt=\"\" src=\"https://raw.githubusercontent.com/im-parsa/cdn/main/images/geometry_similarity_triangle/gst_2-1.png\" style=\"height:264px; width:300px\"></p>\n\n<p>همچنین در فرض داشتیم :</p>\n\n<p>&nbsp;</p>\n\n<p><img alt=\"\" src=\"https://raw.githubusercontent.com/im-parsa/cdn/main/images/geometry_similarity_triangle/gst_2-2.png\"></p>\n\n<h3>در این تناسب به جای ‘A’B و ‘A’C دو ضلع “AB و “AC را جایگذاری می\u200Cکنیم و خواهیم داشت :</h3>\n\n<p>&nbsp;</p>\n\n<p><img alt=\"\" src=\"https://raw.githubusercontent.com/im-parsa/cdn/main/images/geometry_similarity_triangle/gst_2-3.png\" style=\"height:161px; width:294px\"></p>\n\n<p>&nbsp;</p>\n\n<p>از طرفی میدانیم که :</p>\n\n<p>&nbsp;</p>\n\n<p><img alt=\"\" src=\"https://raw.githubusercontent.com/im-parsa/cdn/main/images/geometry_similarity_triangle/gst_2-4.png\"></p>\n"
            },
            {
                "id": 2,
                "name": "geometry_similarity_triangle_3",
                "description": "Beweis des Ähnlichkeitssatzes von Dreiecken 3",
                "created_at": "1639673079877",
                "category": "lehrreich",
                "source": "Alle Inhalte authentischer Geometriebücher",
                "image": "/static/images/blogs/background_math.webp",
                "content": "<p><img alt=\"\" src=\"https://raw.githubusercontent.com/im-parsa/cdn/main/images/geometry_similarity_triangle/gst.png\" style=\"height:434px; width:395px\"></p>\n\n<p>&nbsp;</p>\n\n<p><img alt=\"\" src=\"https://raw.githubusercontent.com/im-parsa/cdn/main/images/geometry_similarity_triangle/gst_3-1.png\" style=\"height:178px; width:225px\"></p>\n\n<p>&nbsp;</p>\n\n<h2>قضیه سه تشابه مثلث ها :</h2>\n\n<p>&nbsp;</p>\n\n<hr>\n<p>&nbsp;</p>\n\n<p>اگر سه ضلع از مثلثی با سه ضلع از مثلث دیگر متناسب باشند آن دو مثلث متشابه هستند.</p>\n\n<p>&nbsp;</p>\n\n<h3>اثبات : روی ضلع AB به اندازه ‘A’B جدا می\u200Cکنیم. پس ‘AB” = A’B و آن را “B می\u200Cنامیم . سپس “B”C را موازی BC را رسم می\u200Cکنیم .</h3>\n\n<h3>&nbsp;</h3>\n\n<h3>در نتیجه خواهیم داشت :</h3>\n\n<p>&nbsp;</p>\n\n<p><img alt=\"\" src=\"https://raw.githubusercontent.com/im-parsa/cdn/main/images/geometry_similarity_triangle/gst_3-2.png\"></p>\n\n<p>&nbsp;</p>\n\n<p><img alt=\"\" src=\"https://raw.githubusercontent.com/im-parsa/cdn/main/images/geometry_similarity_triangle/gst_3-3.png\"></p>\n\n<p>&nbsp;</p>\n\n<p>پس دو مثلث “A”B”C و ‘A’B’C با هم به حالت <strong>سه ضلع</strong> برابرند.</p>\n\n<p>&nbsp;</p>\n\n<p><img alt=\"\" src=\"https://raw.githubusercontent.com/im-parsa/cdn/main/images/geometry_similarity_triangle/gst_3-4.png\"></p>\n\n<p>&nbsp;</p>\n\n<p>از طرفی چون BC با “B”C موازی است پس طبق <a href=\"https://www.dummies.com/education/math/geometry/definitions-and-theorems-of-parallel-lines/\" target=\"_blank\">قضیه توازی</a> داریم :</p>\n\n<p>&nbsp;</p>\n\n<p><img alt=\"\" src=\"https://raw.githubusercontent.com/im-parsa/cdn/main/images/geometry_similarity_triangle/gst_3-5.png\"></p>\n\n<p>&nbsp;</p>\n\n<p><img alt=\"\" src=\"https://raw.githubusercontent.com/im-parsa/cdn/main/images/geometry_similarity_triangle/gst_3-6.png\" style=\"height:188px; width:238px\"></p>\n"
            }
        ],
        "headers":
        [
            "Zufriedene Kunden",
            "Fertige Projekte",
            "Jahre Erfahrung",
            "Ehren und Auszeichnungen"
        ],
        "categories":
        [
            "Alle Kategorien",
            "Web Entwicklung",
            "App Entwicklung",
            "Roboter Entwicklung",
            "Grafik Design"
        ],
        "funny_facts":
        [
            {
                "id": 0,
                "title": "Fußball",
                "type": "football",
                "description": "Seitdem schaue und spiele ich Fußball seit ich denken kann und mein Lieblingsspieler ist der beste Spieler in der Fußballgeschichte, Lionel Messi, der die meisten Ballon d'Or im Fußball und die meisten G+A hat, auf der anderen Seite Ich mag Antoine Griezmann Fußball und seinen Lebensstil sehr, er ist definitiv einer der klügsten Spieler der Geschichte. Außerdem Ferran Torres, ein neues Fußballtalent, das derzeit einer der besten Spielmacher der Welt ist.\nMeine Lieblingsmannschaften sind Argentinien, Frankreich und Spanien."
            },
            {
                "id": 1,
                "title": "Platz",
                "type": "space",
                "description": "Ich liebe es, über den Weltraum und das Universum zu lernen und alles, was damit zusammenhängt, wie die Quantenphysik, die eine Vielzahl von schwindelerregenden Theorien beweist, wie Paralleluniversen, Kontinuität, Singularität, Zeitreisen, Schwarze Löcher, und weiße Löcher."
            },
            {
                "id": 2,
                "title": "Ruf der Pflicht",
                "type": "cod",
                "description": "Ich habe es geliebt zu spielen, und nur die ZEIT hat mich zwischen meiner Liebe getrennt. Ich genieße die Reihe von Spielen, die Call Of Duty herausbringt, und Warzone war eines der besten, das war wunderbar gestaltet und es hat wirklich Spaß gemacht zu spielen."
            },
            {
                "id": 3,
                "title": "Musik",
                "type": "music",
                "description": "Ich höre sehr gerne Musik, ich höre immer Musik, wenn ich arbeite, und es gibt mir ein tolles Gefühl. Ich mag Shadmehr Aghilis Lieder und Stimme wirklich, und es verdoppelt meine Energie und gibt mir ein gutes Gefühl. "
            },
            {
                "id": 4,
                "title": "Gitarre",
                "type": "guitar",
                "description": "Ich spiele Gitarre seit ich 9 Jahre alt bin und ich liebe dieses Instrument und seine Musik. Ich suche die akustische Version jedes Liedes, das ich hören möchte. Ich habe 2 Konzerte in Honar Aftab-Salon von der Navaafrin-Akademie."
            },
            {
                "id": 5,
                "title": "Discord",
                "type": "discord",
                "description": "Ich bin um 2017 zu Discord gekommen. Ich mag es wirklich, in allem, was ich dort habe, der Beste zu sein und in Discord entwickle ich den ersten, besten, quelloffenen, persischen Wirtschafts-Discord-Bot, also macht es sehr viel Spaß für mich, dass ich einer der besten persischen Discord-Entwickler bin."
            },
            {
                "id": 6,
                "title": "Instagram",
                "type": "instagram",
                "description": "Ich bin auch Grafikdesigner und habe zu viele Poster von Fußballspielern in meinem Account. Ich bin um 2014 zu Instagram gekommen und wollte immer in sozialen Medien arbeiten, und das gleiche passierte auf Instagram und Ich habe angefangen, Inhalte in dieser Community zu produzieren."
            },
            {
                "id": 7,
                "title": "Rarible",
                "type": "rarible",
                "description": "Ich mache viele meiner Kunstwerke als NFT und verkaufe einige davon. Ich habe einige Aktivitäten in der NFT- und Metaverse-Welt. Ich verwende Rarible für den NFT-Marktplatz und Decentraland für die web3-Plattform. Ich verwende Ethereum auch für Blockchain wegen seiner Benutzerfreundlichkeit, besseren Community und mehr Sicherheit als andere Blockchains."
            }
        ],
        "plans":
        [
            {
                "id": 0,
                "title": "Front-End Entwicklung",
                "price": "99",
                "a": "Hochwertiger Code",
                "b": "React.js, Next.js, HTML",
                "c": "Engagierte Unterstützung"
            },
            {
                "id": 1,
                "title": "Back-End Entwicklung",
                "price": "129",
                "a": "Hochwertiger Code",
                "b": "Node.js, NestJS, Deno.js",
                "c": "Engagierte Unterstützung"
            },
            {
                "id": 2,
                "title": "Plattformübergreifende Entwicklung",
                "price": "159",
                "a": "Gut-Organisierter Code",
                "b": "Unterstützt alle Betriebssysteme",
                "c": "Engagierte Unterstützung"
            }
        ],
        "services":
        [
            {
                "id": 0,
                "title": "Front-End Entwicklung",
                "description": "Schnelle und professionelle website front-end entwicklung mit React.js, Next.js und HTML"
            },
            {
                "id": 1,
                "title": "Back-End Entwicklung",
                "description": "Schnelle und professionelle website back-end entwicklung mit Express.js, NestJS und Next.js"
            },
            {
                "id": 2,
                "title": "Plattformübergreifende Entwicklung",
                "description": "Schnelle und professionelle Entwicklung von Desktop, Android und iOS anwendungen mit Electron und React Native."
            }
        ],
        "my_portfolio":
        [
            {
                "id": 0,
                "title": "Paraffin",
                "tag": "web_development",
                "description": "Paraffin-Website zum Lehren und Lernen mit tollen Inhalten in verschiedenen Kategorien (Programmierung, Grafikdesign, Spiele, Technik, Tricks)",
                "link": "https://paraffin-tutorials.ir",
                "image": "/static/images/portfolio/paraffin-web.png"
            },
            {
                "id": 1,
                "title": "Discords City",
                "tag": "web_development",
                "description": "Erweitern Sie Ihr Discords Geschäft in Discords City Sie können Ihren Bot oder Server hinzufügen, um Ihr Geschäft auszubauen, und unsere Blogs lesen, um über alle Discord Aktualisierung und Tricks auf dem Laufenden zu bleiben",
                "link": "https://discords.city",
                "image": "/static/images/portfolio/discords-city-web.png"
            },
            {
                "id": 2,
                "title": "MrCheat",
                "tag": "web_development",
                "description": "Website zum Erstellen, Entwickeln und Verkaufen aller Arten von Cheats und Cheats in verschiedenen Spielen wie Counter, Zola, CS Go und den meisten anderen Shooter-Spielen (im Aufbau - Teammitglied)",
                "link": "https://mrcheat.cc/",
                "image": "/static/images/portfolio/mrcheat-web.jpg"
            },
            {
                "id": 3,
                "title": "Nava",
                "tag": "web_development",
                "description": "Website des ersten und besten persischen Musik- und Videoplayers mit Qualität und Unterstützung für alle Formate zusammen mit RPC Discord",
                "link": "https://nava-org.herokuapp.com",
                "image": "/static/images/portfolio/nava-web.png"
            },
            {
                "id": 4,
                "title": "random-pic.js",
                "tag": "web_development",
                "description": "Website und Anwendungsmodul zum Empfangen von Zufallsbildern in verschiedenen Kategorien und der Möglichkeit, Größen und Grenzen und Beschränkungen festzulegen",
                "link": "https://random-picjs.herokuapp.com",
                "image": "/static/images/portfolio/random-pic_js-web.png"
            },
            {
                "id": 5,
                "title": "Headinfo",
                "tag": "web_development",
                "description": "Website für alltägliche Aufgaben und leicht zu erledigende Aufgaben, mit denen Sie sich tagsüber viel beschäftigen (Aktualisierung)",
                "link": "https://headinfo.ir",
                "image": "/static/images/portfolio/headinfo-web.png"
            },
            {
                "id": 6,
                "title": "Dubist",
                "tag": "graphic_design",
                "description": "Englisch, Persisch, Deutsch-Sprachlernwebsite mit Funktionen wie Lernkarte und Ranking (im Aufbau - Teammitglied)",
                "link": "/",
                "image": "/static/images/portfolio/dubist-web.png"
            },
            {
                "id": 7,
                "title": "PDA",
                "tag": "web_development",
                "description": "Der erste dediziert persischsprachige Webservice in Form von Open Source mit hoher Qualität und beispielloser Geschwindigkeit",
                "link": "https://github.com/im-parsa/persian-discord-api",
                "image": "/static/images/portfolio/pda-web.png"
            },
            {
                "id": 8,
                "title": "LiveSoccer",
                "tag": "web_development",
                "description": "Website, um die Tabelle der besten und größten Fußballligen mit Tordifferenzergebnissen und gespielten Spielen zu sehen",
                "link": "https://livesoccer.herokuapp.com/",
                "image": "/static/images/portfolio/livesoccer-web.png"
            },
            {
                "id": 9,
                "title": "Elite",
                "tag": "web_development",
                "description": "Website der Elite Discord Robot Programming Company mit 2 offiziell verifizierten Discord-Bots",
                "link": "https://github.com/im-parsa/elite-website",
                "image": "/static/images/portfolio/elite-web.png"
            },
            {
                "id": 10,
                "title": "Persönliche Website",
                "tag": "web_development",
                "description": "Open-Source-persönliche Website",
                "link": "https://github.com/im-parsa/my-personal-website",
                "image": "/static/images/portfolio/parsa-web.png"
            },
            {
                "id": 11,
                "title": "Persönliche Website",
                "tag": "web_development",
                "description": "Persönliche Website für Herrn Shadmehr",
                "link": "https://shadmehr.info",
                "image": "/static/images/portfolio/shadmehr-web.png"
            },
            {
                "id": 12,
                "title": "Wintube",
                "tag": "app_development",
                "description": "Desktop-Anwendung mit Linux / Windows / Mac-Unterstützung zum Anzeigen von YouTube-Videos und -Filmen ohne Filterung und Hochgeschwindigkeits- und Download-Fähigkeit (Teammitglied)",
                "link": "https://wintube.herokuapp.com",
                "image": "/static/images/portfolio/wintube-app.png"
            },
            {
                "id": 13,
                "title": "Nava-Video-Player",
                "tag": "app_development",
                "description": "Video mit Unterstützung für alle Dateien, dedizierte RCC-Fähigkeit, Zwietracht, etc ...",
                "link": "https://nava-org.herokuapp.com",
                "image": "/static/images/portfolio/nava_video_player-app.png"
            },
            {
                "id": 14,
                "title": "Nava-Music-Player",
                "tag": "app_development",
                "description": "Musik mit Unterstützung für alle Dateien, dedizierte RCC-Fähigkeit, Zwietracht, etc ...",
                "link": "https://nava-org.herokuapp.com",
                "image": "/static/images/portfolio/nava_music_player-app.png"
            },
            {
                "id": 15,
                "title": "Setar",
                "tag": "robot_development",
                "description": "Der erste und beste offizielle Songplayer und verifizierte Zwietracht (Teammitglied)",
                "link": "https://github.com/SeTar-Bot",
                "image": "/static/images/portfolio/setar-bot.png"
            },
            {
                "id": 16,
                "title": "Elite",
                "tag": "robot_development",
                "description": "Der beste und beliebteste Roboter für Sicherheit und Sicherheit der offiziellen und verifizierten offiziellen Zwietracht",
                "link": "https://top.gg/bot/730584726401843221",
                "image": "/static/images/portfolio/elite-bot.png"
            }
        ]
    },
    "fa":
    {
        "language": "fa",
        "my_name": "پارسا فیروزی",
        "my_skills":
        [
            "توسعه دهنده فول-استک",
            "طراح گرافیک"
        ],
        "currency": "ریال",
        "typing_effect":
        [
            "من اپلیکیشن دسکتاپ و اندروید توسعه میدهم.",
            "من رابط کاربری وب‌سایت هارا توسعه میدهم.",
            "من یک توسعه دهند JavaScript، TypeScript، PHP، C++ هستم.",
            "من یک توسعه دهنده React.js، React Native و Next.js هستم.",
            "من یک توسعه دهنده Node.js، Deno.js و NestJS هستم."
        ],
        "download_cv": "دانلود رزومه",
        "send_message": "ارسال پیام",
        "source_code": "منبع کد",
        "source": "منبع",
        "read_more": "بیشتر بخوانید",
        "phone": "شماره تلفن",
        "created_at": "تاریخ ساخت",
        "blog_not_found": "بلاگ مورد نظر یافت نشد",
        "my_phone": "09170700566",
        "whatsapp": "واتساپ",
        "author": "نویسنده",
        "id": "آیدی",
        "category": "دسته",
        "telegram": "تلگرام",
        "email": "ایمیل",
        "gmail": "جیمیل",
        "chmail": "چیمیل",
        "my_email": "hello@parsa-firoozi.ir",
        "my_gmail": "parsa.firoozi20@gmail.com",
        "my_chmail": "parsafiroozi20@chmail.ir",
        "name": "نام",
        "message": "پیام",
        "explore_more": "پروژه ها",
        "order_now": "سفارش",
        "residence": "محل اقامت",
        "city": "شهر",
        "age": "سن",
        "my_residence": "ایران",
        "my_city": "شیراز",
        "my_age": "18",
        "english": "انگلیسی",
        "persian": "فارسی",
        "german": "آلمانی",
        "home": "خانه",
        "contact": "تماس",
        "portfolio": "نمونه کار ها",
        "blogs": "بلاگ ها",
        "funny": "حقایق جالب",
        "error":
        {
            "title": "خطا در درخواست",
            "description": "صفحه مورد نظر یافت نشد"
        },
        "titles":
        [
            "من کی هستم و چکار میکنم؟",
            "خدمات من",
            "طرح های قیمت",
            "اطلاعات تماس",
            "با من در تماس باش",
            "حقایق جالب من",
            "بلاگ های من",
            "نمونه کار های من",
            "نطرات همکاران و مشتریان"
        ],
        "headers":
        [
            "مشتریان راضی",
            "پروژه های تمام شده",
            "سال تجربه",
            "جوایز و عنواین"
        ],
        "categories":
        [
            "تمام دسته بندی ها",
            "توسعه وب",
            "توسعه اپلیکیشن",
            "توسعه ربات",
            "طراحی گرافیک"
        ],
        "recommendations":
        [
            {
                "id": 0,
                "author":
                {
                    "name": "string",
                    "profile": "https://intelligentquantum.github.io/Images/IntelligentQuantum.jpg",
                    "description": "string"
                },
                "message": "string",
                "rate": 80
            }
        ],
        "my_blogs":
        [
            {
                "id": 0,
                "name": "geometry_similarity_triangle_1",
                "description": "اثبات قضیه تشابه مثلث ها ۱",
                "created_at": "1639673079877",
                "category": "آموزشی",
                "source": "تمام مطالب کتاب های معتبر هندسه",
                "image": "/static/images/blogs/background_math.webp",
                "content": "<p><img alt=\"\" src=\"https://raw.githubusercontent.com/im-parsa/cdn/main/images/geometry_similarity_triangle/gst.png\" style=\"height:434px; width:395px\"></p>\n\n<p>&nbsp;</p>\n\n<h2>قضیه یک تشابه مثلث ها :</h2>\n\n<p>&nbsp;</p>\n\n<hr>\n<p>&nbsp;</p>\n\n<p>هرگاه دو زاویه از دو مثلث با هم برابر باشند، آن دو مثلث با هم متشابه\u200Cاند.</p>\n\n<p>&nbsp;</p>\n\n<h3>اثبات : چون دو زاویه این دو مثلث برابرند پس زاویه سوم نیز برابر است.</h3>\n\n<p>&nbsp;</p>\n\n<p><img alt=\"\" src=\"https://raw.githubusercontent.com/im-parsa/cdn/main/images/geometry_similarity_triangle/gst_1-1.png\" style=\"height:215px; width:296px\"></p>\n\n<p><img alt=\"\" src=\"https://raw.githubusercontent.com/im-parsa/cdn/main/images/geometry_similarity_triangle/gst_1-2.png\"></p>\n\n<p>&nbsp;</p>\n\n<p>برای اثبات این قضیه با اندازه ‘A’B روی AB جدا می کنیم و آن را “AB می\u200Cنامیم. به اندازه ی ‘A’C روی AC جدا کرده و آن را نیز “AC نامگذازی می\u200Cکنیم. “B را به “C وصل می\u200Cکنیم. دو مثلث ‘A’B’C و “A”B”C بایکدیگر <strong>هم\u200Cنهشت</strong> هستند، زیرا :</p>\n\n<p>&nbsp;</p>\n\n<p><img alt=\"\" src=\"https://raw.githubusercontent.com/im-parsa/cdn/main/images/geometry_similarity_triangle/gst_1-3.png\" style=\"height:215px; width:296px\"></p>\n\n<p>&nbsp;</p>\n\n<p>از طرفی :</p>\n\n<p>&nbsp;</p>\n\n<p><img alt=\"\" src=\"https://raw.githubusercontent.com/im-parsa/cdn/main/images/geometry_similarity_triangle/gst_1-4.png\" style=\"height:115px; width:227px\"></p>\n\n<p><img alt=\"\" src=\"https://raw.githubusercontent.com/im-parsa/cdn/main/images/geometry_similarity_triangle/gst_1-5.png\"></p>\n\n<p>&nbsp;</p>\n\n<p>پس نتیجه می\u200Cگیریم طبق <strong>قضیه توازی</strong> BC با “B”C موازی است. در نتیجه طبق قضیه اساسی، دو مثلث ABC و ‘A’B’C متشابه هستند. از طرفی چون دو مثلث “AB”C و ‘AB’C با یکدیگر برابرند، پس طبق اصل <strong>تشابه مثلث ها</strong>&nbsp;دو مثلث ABC و ‘A’B’C نیز متشابه هستند.</p>\n"
            },
            {
                "id": 1,
                "name": "geometry_similarity_triangle_2",
                "description": "اثبات قضیه تشابه مثلث ها ۲",
                "created_at": "1639673079877",
                "category": "آموزشی",
                "source": "تمام مطالب کتاب های معتبر هندسه",
                "image": "/static/images/blogs/background_math.webp",
                "content": "<p><img alt=\"\" src=\"https://raw.githubusercontent.com/im-parsa/cdn/main/images/geometry_similarity_triangle/gst.png\" style=\"height:434px; width:395px\"></p>\n\n<p>&nbsp;</p>\n\n<p><img alt=\"\" src=\"https://raw.githubusercontent.com/im-parsa/cdn/main/images/geometry_similarity_triangle/gst_2.png\" style=\"height:178px; width:225px\"></p>\n\n<p>&nbsp;</p>\n\n<h2>قضیه دو تشابه مثلث ها :</h2>\n\n<p>&nbsp;</p>\n\n<hr>\n<p>&nbsp;</p>\n\n<p>هرگاه دو ضلع از دو مثلث با هم متناسب و زاویه بین دو ضلع از دو مثلث برابر باشند، آنگاه دو مثلث متشابه\u200Cاند.</p>\n\n<p>&nbsp;</p>\n\n<h3>اثبات : برای اثبات این قضیه روی ضلع AB به اندازه ‘A’B جدا می\u200Cکنیم تا “AB به وجود آید. روی AC نیز به اندازه ‘A’C جدا می\u200Cکنیم تا “AC به وجود آید. همچنین از “B به “C وصل می\u200Cکنیم. دو مثلث “A”B”C و ‘A’B’C با هم برابرند.</h3>\n\n<p>&nbsp;</p>\n\n<h3>زیرا :</h3>\n\n<p><img alt=\"\" src=\"https://raw.githubusercontent.com/im-parsa/cdn/main/images/geometry_similarity_triangle/gst_2-1.png\" style=\"height:264px; width:300px\"></p>\n\n<p>همچنین در فرض داشتیم :</p>\n\n<p>&nbsp;</p>\n\n<p><img alt=\"\" src=\"https://raw.githubusercontent.com/im-parsa/cdn/main/images/geometry_similarity_triangle/gst_2-2.png\"></p>\n\n<h3>در این تناسب به جای ‘A’B و ‘A’C دو ضلع “AB و “AC را جایگذاری می\u200Cکنیم و خواهیم داشت :</h3>\n\n<p>&nbsp;</p>\n\n<p><img alt=\"\" src=\"https://raw.githubusercontent.com/im-parsa/cdn/main/images/geometry_similarity_triangle/gst_2-3.png\" style=\"height:161px; width:294px\"></p>\n\n<p>&nbsp;</p>\n\n<p>از طرفی میدانیم که :</p>\n\n<p>&nbsp;</p>\n\n<p><img alt=\"\" src=\"https://raw.githubusercontent.com/im-parsa/cdn/main/images/geometry_similarity_triangle/gst_2-4.png\"></p>\n"
            },
            {
                "id": 2,
                "name": "geometry_similarity_triangle_3",
                "description": "اثبات قضیه تشابه مثلث ها ۳",
                "created_at": "1639673079877",
                "category": "آموزشی",
                "source": "تمام مطالب کتاب های معتبر هندسه",
                "image": "/static/images/blogs/background_math.webp",
                "content": "<p><img alt=\"\" src=\"https://raw.githubusercontent.com/im-parsa/cdn/main/images/geometry_similarity_triangle/gst.png\" style=\"height:434px; width:395px\"></p>\n\n<p>&nbsp;</p>\n\n<p><img alt=\"\" src=\"https://raw.githubusercontent.com/im-parsa/cdn/main/images/geometry_similarity_triangle/gst_3-1.png\" style=\"height:178px; width:225px\"></p>\n\n<p>&nbsp;</p>\n\n<h2>قضیه سه تشابه مثلث ها :</h2>\n\n<p>&nbsp;</p>\n\n<hr>\n<p>&nbsp;</p>\n\n<p>اگر سه ضلع از مثلثی با سه ضلع از مثلث دیگر متناسب باشند آن دو مثلث متشابه هستند.</p>\n\n<p>&nbsp;</p>\n\n<h3>اثبات : روی ضلع AB به اندازه ‘A’B جدا می\u200Cکنیم. پس ‘AB” = A’B و آن را “B می\u200Cنامیم . سپس “B”C را موازی BC را رسم می\u200Cکنیم .</h3>\n\n<h3>&nbsp;</h3>\n\n<h3>در نتیجه خواهیم داشت :</h3>\n\n<p>&nbsp;</p>\n\n<p><img alt=\"\" src=\"https://raw.githubusercontent.com/im-parsa/cdn/main/images/geometry_similarity_triangle/gst_3-2.png\"></p>\n\n<p>&nbsp;</p>\n\n<p><img alt=\"\" src=\"https://raw.githubusercontent.com/im-parsa/cdn/main/images/geometry_similarity_triangle/gst_3-3.png\"></p>\n\n<p>&nbsp;</p>\n\n<p>پس دو مثلث “A”B”C و ‘A’B’C با هم به حالت <strong>سه ضلع</strong> برابرند.</p>\n\n<p>&nbsp;</p>\n\n<p><img alt=\"\" src=\"https://raw.githubusercontent.com/im-parsa/cdn/main/images/geometry_similarity_triangle/gst_3-4.png\"></p>\n\n<p>&nbsp;</p>\n\n<p>از طرفی چون BC با “B”C موازی است پس طبق <a href=\"https://www.dummies.com/education/math/geometry/definitions-and-theorems-of-parallel-lines/\" target=\"_blank\">قضیه توازی</a> داریم :</p>\n\n<p>&nbsp;</p>\n\n<p><img alt=\"\" src=\"https://raw.githubusercontent.com/im-parsa/cdn/main/images/geometry_similarity_triangle/gst_3-5.png\"></p>\n\n<p>&nbsp;</p>\n\n<p><img alt=\"\" src=\"https://raw.githubusercontent.com/im-parsa/cdn/main/images/geometry_similarity_triangle/gst_3-6.png\" style=\"height:188px; width:238px\"></p>\n"
            }
        ],
        "funny_facts":
        [
            {
                "id": 0,
                "title": "فوتبال",
                "type": "football",
                "description": "من از وقتی که یادم می آید عاشق بازی کردن و دیدن فوتبال بودم. بازیکن مورد علاقه من بهترین بازیکن تاریخ فوتبال هست کسی که بیشترین توپ طلا را دارد و بیشترین گل + پاس گل را دارد همچنین از سبک بازی و زندگی شخصی گریزمان خیلی خوشم می آید او صد در صد یکی از برترین و باهوش ترین هافبک های تهاجمی فوتبال است. همچنین فران تورس استعداد جدید فوتبال که یکی از بهترین وینگر های بازیساز حال حاضر جهان هست. تیم های مورد علاقه من آرژانتین، فرانسه و اسپانیا - بارسلونا، یوونتوس و آرسنال هستند."
            },
            {
                "id": 1,
                "title": "کیهان",
                "type": "space",
                "description": "من همیشه از یادگیری درباره فضا و کیهان لذت میبردم و همچنین فیزیک کوآنتوم که نظریه های سرگیجه آوری را اثبات میکند مانند جهان های موازی، سیاه چاله ها و سفید چاله ها، تکینگی، پیوستگی."
            },
            {
                "id": 2,
                "title": "کال آف دیوتی",
                "type": "cod",
                "description": "منم از بازی کردن خیلی لذت میبرم و تنها زمان است که بین من و بازی کردن فاصله انداخته. کال آف دیوتی بهترین بازی های شوتر را میسازد و یکی از بهترین های ان وارزون است که بازی کردنش بسیار لذت بخش و هیجان انگیز است."
            },
            {
                "id": 3,
                "title": "آهنگ",
                "type": "music",
                "description": "من همیشه موقع کارم آهنگ گوش میدهم زیرا به من حس بسیار خوبی میدهد چه بسا آهنگ شادمهر عقیلی باشد آن وقت انرژیم هم چند برابر میشود به راستی بازگشت همه به سوی اوست و آهنگی جز او سو تفاهم است."
            },
            {
                "id": 4,
                "title": "گیتار",
                "type": "guitar",
                "description": "گیتار ساز محبوب من است و از نظر من بهترین بهترین ساز. از ۹ سالگی به دنبال یادگیری گیتار بودم و ۲ کنسرت در سالن هنر آفتاب شیراز با آکادمی نواآفرین برگذار کرده ام. هر آهنگی که بخواهم گوش بدهم اول به دنبال ورژن آکوستیک آن میگردم زیرا از ریتمی که با گیتار درست میشود بیشتر لذت میبرم و انرژی میگیرم."
            },
            {
                "id": 5,
                "title": "دیسکورد",
                "type": "discord",
                "description": "من از ۲۰۱۷ وارد دیسکورد شدم و از عادت همیشه ام دوست داشتم بهترین هر جایی باشم و با یادگیری ماژول ها و لایبری های دیسکورد توانستم دو ربات تایید شده دیسکورد را توسعه دهم و در تیم بهترین ربات های دیسکورد باشم."
            },
            {
                "id": 6,
                "title": "اینستاگرام",
                "type": "instagram",
                "description": "من از سال ۲۰۱۴ وارد اینستاگرام شده با اینکه اوایل فعالیت خاصی نمیکردم ولی از علاقه ام در فعالیت در فضای مجازی چند سال است که طرح های گرافیکی ام را در آنجا به اشتراک میگذارم."
            },
            {
                "id": 7,
                "title": "راریبل",
                "type": "rarible",
                "description": "من بسیاری از آثار هنری خود را به عنوان ان اف تی می سازم و برخی از آنها را می فروشم. من در دنیای ان اف تی و متاورس فعالیت هایی دارم. من از راریبل برای بازار ان اف تی و دیسنترالند برای پلت فرم وب۳ استفاده می کنم. من همچنین از اتریوم برای بلاک چین استفاده می کنم، زیرا استفاده آسان، جامعه بهتر و امنیت بیشتر نسبت به سایر بلاک چین ها است."
            }
        ],
        "plans":
        [
            {
                "id": 0,
                "title": "توسعه فرانت-اند",
                "price": "19,000,000",
                "a": "کد کیفیت بالا",
                "b": "React.js, Next.js",
                "c": "پشتیبانی اختصاصی"
            },
            {
                "id": 1,
                "title": "توسعه بک-اند",
                "price": "29,000,000",
                "a": "کد کیفیت بالا",
                "b": "Node.js, NestJS, Deno.js",
                "c": "پشتیبانی اختصاصی"
            },
            {
                "id": 2,
                "title": "توسعه کراس-پلتفورم",
                "price": "39,000,000",
                "a": "کد سازماندهی شده",
                "b": "پشتیبانی از تمامی سیستم عامل ها",
                "c": "پشتیبانی اختصاصی"
            }
        ],
        "services":
        [
            {
                "id": 0,
                "title": "توسعه فرانت-اند",
                "description": "توسعه سریع و بی نقص فرانت-اند وب‌سایت با React.js, Next.js و HTML"
            },
            {
                "id": 1,
                "title": "توسعه بک-اند",
                "description": "توسعه سریع و بی نقص بک-اند وب‌سایت با Express.js، NestJS و Next.js"
            },
            {
                "id": 2,
                "title": "توسعه کراس-پلتفورم",
                "description": "توسعه برنامه های Desktop، Android، iOS ساخته شده با Electron و React Native"
            }
        ],
        "my_portfolio":
        [
            {
                "id": 0,
                "title": "پارافین",
                "tag": "web_development",
                "description": "پارافین وب‌سایت آموزش و یادگیری با مطالب فوق العاده در دسته بندی ها مختلف (برنامه نویسی، طراحی گرافیک، بازی، تکنولوژی، ترفند)",
                "link": "https://paraffin-tutorials.ir",
                "image": "/static/images/portfolio/paraffin-web.png"
            },
            {
                "id": 1,
                "title": "دیسکوردز سیتی",
                "tag": "web_development",
                "description": "وب‌سایتی برای کاربران کامینیوتی دیسکورد که سرور، ربات یا اکانت خودشان را در آن ثبت نام کنند و در اکسپلور ما دیده شوند تا ممبر های بیشتری بدست بیاورند و صفحه بخصوص خود را داشته باشند",
                "link": "https://discords.city",
                "image": "/static/images/portfolio/discords-city-web.png"
            },
            {
                "id": 2,
                "title": "MrCheat",
                "tag": "web_development",
                "description": "وب‌سایت ساخت، توسعه و فروش انواع چیت و تقلب در بازی های مختلفی مانند کانتر، زولا، سی اس گو و اکثر بازی های شوتر دیگر (در دست ساخت)",
                "link": "https://mrcheat.cc/",
                "image": "/static/images/portfolio/mrcheat-web.jpg"
            },
            {
                "id": 3,
                "title": "نوآ",
                "tag": "web_development",
                "description": "وب سایت اولین و برترین موزیک و ویدیو پلیر فارسی زبان با کیفیت و پشتیبانی تمامی فرمت ها به همراه آر پی سی دیسکورد",
                "link": "https://nava-org.herokuapp.com",
                "image": "/static/images/portfolio/nava-web.png"
            },
            {
                "id": 4,
                "title": "random-pic.js",
                "tag": "web_development",
                "description": "وب‌سایت و ماژولی کاربردی برای دریافت تصاویر تصادفی در دسته بندی های مختلف و قابلیت سایز بندی و گذاشتن لیمیت و محدودیت",
                "link": "https://random-picjs.herokuapp.com",
                "image": "/static/images/portfolio/random-pic_js-web.png"
            },
            {
                "id": 5,
                "title": "Headinfo",
                "tag": "web_development",
                "description": "وب‌سایتی برای کارهای روزمره و انجام کار هایی به راحتی آب خوردن که در روز با آنها زیاد سر و کله میزنید (در دست ساخت)",
                "link": "https://headinfo.ir",
                "image": "/static/images/portfolio/headinfo-web.png"
            },
            {
                "id": 6,
                "title": "Dubist",
                "tag": "graphic_design",
                "description": "وب‌سایت آموزش زبان انگلیسی، فارسی، آلمانی به همراه قابلیت هایی نظیر فلش کارت و رنک بندی (در دست ساخت)",
                "link": "/",
                "image": "/static/images/portfolio/dubist-web.png"
            },
            {
                "id": 7,
                "title": "PDA",
                "tag": "web_development",
                "description": "اولین وب سرویس اختصاصی فارسی زبان دیسکورد به صورت اوپن سورس با کیفیت و سرعتی بالا و بی نظیر",
                "link": "https://github.com/im-parsa/persian-discord-api",
                "image": "/static/images/portfolio/pda-web.png"
            },
            {
                "id": 8,
                "title": "LiveSoccer",
                "tag": "web_development",
                "description": "وب‌سایتی برای دیدن جدول برترین و بزرگ ترین لیگ های فوتبال به همراه امتیازات تفاضل گل و بازی های انجام شده",
                "link": "https://livesoccer.herokuapp.com/",
                "image": "/static/images/portfolio/livesoccer-web.png"
            },
            {
                "id": 9,
                "title": "Elite",
                "tag": "web_development",
                "description": "وب‌سایت شرکت الایت تیم برنامه نویسی ربات های دیسکورد با ۲ بات وریفای شده رسمی دیسکورد",
                "link": "https://github.com/im-parsa/elite-website",
                "image": "/static/images/portfolio/elite-web.png"
            },
            {
                "id": 10,
                "title": "وب‌سایت شخصی",
                "tag": "web_development",
                "description": "وب‌سایت شخصی اوپن سورس",
                "link": "https://github.com/im-parsa/my-personal-website",
                "image": "/static/images/portfolio/parsa-web.png"
            },
            {
                "id": 11,
                "title": "وب‌سایت شخصی",
                "tag": "web_development",
                "description": "وب‌سایت شخصی برای آقای شادمهر",
                "link": "https://shadmehr.info",
                "image": "/static/images/portfolio/shadmehr-web.png"
            },
            {
                "id": 12,
                "title": "Wintube",
                "tag": "app_development",
                "description": "اپلیکیشنی برای دسکتاپ قابلیت پشتیبانی لینوکس/ویندوز/مک برای نمایش ویدیو و فیلم های یوتیوب بدون فیلتر و سرعت بالا و قبالیت دانلود",
                "link": "https://wintube.herokuapp.com",
                "image": "/static/images/portfolio/wintube-app.png"
            },
            {
                "id": 13,
                "title": "پخش کننده ویدیو نوآ",
                "tag": "app_development",
                "description": "پخش کننده ویدیو و فیلم با پشتیبانی تمامی فایل ها قابلیت آر پی سی اختصاصی دیسکورد و غیره ...",
                "link": "https://nava-org.herokuapp.com",
                "image": "/static/images/portfolio/nava_video_player-app.png"
            },
            {
                "id": 15,
                "title": "پخش کننده آهنگ نوآ",
                "tag": "app_development",
                "description": "پخش کننده موزیک و آهنگ با پشتیبانی تمامی فایل ها قابلیت آر پی سی اختصاصی دیسکورد و غیره ...",
                "link": "https://nava-org.herokuapp.com",
                "image": "/static/images/portfolio/nava_music_player-app.png"
            },
            {
                "id": 16,
                "title": "ستار",
                "tag": "robot_development",
                "description": "اولین و برترین ربات پخش کننده آهنگ و وریفای شده رسمی دیسکورد",
                "link": "https://github.com/SeTar-Bot",
                "image": "/static/images/portfolio/setar-bot.png"
            },
            {
                "id": 17,
                "title": "Elite",
                "tag": "robot_development",
                "description": "برترین و محبوب ترین ربات سکوریتی و امنیت سرور و وریفای شده رسمی دیسکورد",
                "link": "https://top.gg/bot/730584726401843221",
                "image": "/static/images/portfolio/elite-bot.png"
            }
        ]
    }
}
